id,car_make,car_model,car_year,car_vin
1,Mercedes-Benz,M-Class,2008,1FTEW1CM9BF700234
2,Ford,Freestyle,2005,WBABD33484P519322
3,Aston Martin,V8 Vantage,2009,1N6AD0CU9FN704844
4,Hyundai,Veracruz,2012,2G4GN5EK9C9849587
5,GMC,Sonoma,2003,JM1GJ1T53F1698471
6,Mercedes-Benz,S-Class,2012,1G6DA67V990630053
7,Cadillac,DeVille,2004,WA1MYAFE4AD781869
8,GMC,Sierra 2500,2012,WAUAH94F37N805405
9,Pontiac,G5,2009,JTHDL5EF8F5724161
10,Isuzu,Ascender,2004,3GYFNAEY9BS919842
11,Audi,Allroad,2001,5YMGZ0C50AL264094
12,Ford,F250,1992,1HGCP2F31AA109750
13,Chevrolet,Camaro,2001,4T1BD1FK9FU782307
14,Subaru,Impreza,2007,WAUGL78E48A386469
15,Dodge,Dakota,2001,WDDHF2EB0BA494709
16,Toyota,Sienna,2002,JN1BY1AP1DM517103
17,Chrysler,LHS,1997,1D7RW2BK0AS137774
18,Chevrolet,Express,2007,1GYEE637960234000
19,Mazda,Protege,1998,4USFE43587L612864
20,Dodge,Durango,2006,5GNRNJEE3A8049361
21,Chevrolet,TrailBlazer,2009,3D4PH6FV8AT714026
22,GMC,1500,1995,JTHBL5EF8E5958533
23,Mercedes-Benz,G55 AMG,2006,19XFA1E81BE284535
24,Toyota,RAV4,2005,VNKJTUD32FA700250
25,Toyota,Corolla,2007,1N4CL2AP1BC089693
26,Jeep,Liberty,2010,1C3CCBHG0CN520101
27,Subaru,Baja,2004,1GYS3PKJ8FR953567
28,Land Rover,LR4,2012,5GNRNGEE7A8750603
29,Pontiac,GTO,1964,WAUKH74F58N304610
30,Volvo,S80,2008,WDDHF8JB9DA273346
31,Chevrolet,Corvette,1984,WAUEF98E98A966360
32,Nissan,Murano,2004,3N1AB7AP7FY248931
33,Audi,A6,2009,JN8AF5MR7FT678247
34,Volkswagen,Cabriolet,1990,1FTEW1CM0DK178524
35,Nissan,Murano,2011,WBAEB53539C007702
36,Porsche,Boxster,2005,YV1382MW9A2295633
37,Suzuki,SX4,2011,1G6AA5RX4D0350979
38,Spyker,C8,2007,WBABN73403P899422
39,Chevrolet,Suburban 1500,1992,SALVP1BG4FH456488
40,Mercedes-Benz,300SD,1992,JH4KB166X7C967338
41,Dodge,Dakota Club,2007,2C3CDXCT3FH305498
42,Subaru,Outback,2009,1C4NJCBA4DD407604
43,Mitsubishi,Outlander Sport,2011,5N1AR2MM7DC632612
44,Lamborghini,Gallardo,2011,TRUDD38J081905967
45,BMW,525,2003,TRUUT28N051665217
46,Toyota,TundraMax,2008,1HGCP2E31CA964694
47,Mercedes-Benz,E-Class,2000,2G4WB55K421630103
48,Mercedes-Benz,400E,1993,1G6DK5EY4B0696939
49,Dodge,Neon,2000,KNAFT4A23D5083826
50,BMW,X6,2008,5UXZV8C56DL953118
51,Plymouth,Sundance,1993,3N1AB6AP5AL419241
52,Ford,Mustang,1973,WBAPT73578C075985
53,Volvo,V90,1998,1G6DD67V290632380
54,Isuzu,Trooper,1999,1J4AA2D15AL974356
55,Cadillac,Seville,1998,SAJWA2EK1EM028694
56,Ford,F250,1995,1FTEW1CW3AF766620
57,Infiniti,QX56,2007,JTHDU1EF2E5762201
58,Mercedes-Benz,GL-Class,2007,1FT7W2A66EE567672
59,Ford,Explorer,1995,1FTWX3B5XAE755884
60,Nissan,Xterra,2002,5N1AN0NU1CN157265
61,Porsche,911,1997,3D7JV1EP2BG173847
62,Nissan,Altima,1998,JN8AS5MT0DW987741
63,Subaru,Baja,2006,WAUSVAFA6AN465139
64,Oldsmobile,88,1997,5GAKVAED5CJ394168
65,Ford,Fiesta,2013,WAUEG94F16N424476
66,Hyundai,Sonata,2011,YV126MFD2F1638577
67,Saab,9-3,2009,1FBNE3BL0CD740100
68,Mercury,Montego,2007,JH4DC54893S907729
69,Mercedes-Benz,M-Class,2008,WAUBF78E76A535455
70,Volkswagen,riolet,1992,1G6AY5S37F0838491
71,Chevrolet,2500,1994,3C4PDCBB7FT862811
72,Ford,F-Series,1987,2C3CDZBT6FH323023
73,Kia,Amanti,2008,WBA3V5C55EJ110527
74,Audi,Quattro,1985,SCBBP9ZA8CC093182
75,Buick,Reatta,1990,1VWAS7A36FC989197
76,Toyota,Tundra,2008,JN1AZ4EH9BM136089
77,Plymouth,Colt,1992,YV4902DZXB2330194
78,Audi,A8,2007,3D4PH6FV3AT507253
79,Lexus,LS,2001,WAURGAFDXEN869523
80,Saab,9-3,2005,19UYA42682A531857
81,Ford,F350,1993,3VW4A7AT4DM916065
82,Ford,Fairlane,1965,5UXZV4C54BL694120
83,Mercury,Grand Marquis,1988,1GYS3CEF1BR685715
84,Subaru,Legacy,2008,3VWML7AJ9DM042109
85,Volkswagen,Jetta,1995,YV126MFKXF2297292
86,Jeep,Wrangler,2010,WAUXF78K09A921330
87,Toyota,Camry,2002,1D4PT6GX0AW237293
88,Toyota,Land Cruiser,2006,1GYS3CEF3DR248219
89,Honda,Pilot,2003,SCFAD05D79G215255
90,Ford,Expedition,2011,KMHHU6KJ5FU627869
91,Dodge,Dakota,1994,WAUHF78P07A914844
92,Ford,Windstar,2000,5N1AA0NCXCN793055
93,Plymouth,Sundance,1992,3VW1K7AJ7FM698060
94,Acura,Integra,1996,KMHHT6KD2EU598746
95,Nissan,Quest,2001,JN1CV6AP8DM691566
96,Audi,TT,2006,1FTEW1CM6CK667458
97,Jaguar,XK,2012,WVGEF9BP3ED343349
98,Ford,Econoline E250,1996,3VW517AT6FM498860
99,Volkswagen,R32,2008,WBAFU7C53BC577263
100,Daewoo,Lanos,2002,WBAKG1C50DJ177792
101,Lexus,LX,1998,WAUJT58E53A973265
102,GMC,Yukon,2000,2HNYD18785H796539
103,Hyundai,XG350,2002,JA32U1FU8BU394189
104,Chevrolet,Corsica,1994,3D7TP2CT6AG001652
105,Chevrolet,Malibu,2005,1N4AA5AP1EC868370
106,Eagle,Summit,1996,3D7LT2ETXBG651515
107,Chevrolet,Camaro,2001,3N1BC1AP8AL770262
108,Chrysler,300M,2001,YV4852CT0A1228918
109,Eagle,Summit,1993,WBAKF3C52CJ609957
110,Mitsubishi,Montero Sport,2002,JN8AE2KP0E9067314
111,Chevrolet,Colorado,2011,WDDEJ9EBXEA718924
112,Chevrolet,Avalanche 2500,2004,5YMGZ0C5XBL929505
113,Ford,F-Series,2008,1N6BF0KLXFN777714
114,Mercedes-Benz,S-Class,1998,SCBZU25E51C414468
115,Lexus,LFA,2012,ZHWGU5BZ8CL401463
116,Cadillac,Eldorado,1995,TRUWC28N511305900
117,Tesla,Roadster,2012,WBASN4C51AC170213
118,Mercedes-Benz,SLK-Class,1998,SALAG2V6XEA499926
119,Infiniti,FX,2007,KM8JT3ACXAU020414
120,Plymouth,Laser,1994,3C63D2CL8CG015968
121,Kia,Sportage,2006,WBALW7C54DD492328
122,Volkswagen,Jetta,2007,3C3CFFHH8FT835465
123,Infiniti,J,1993,1G6KS54Y61U229165
124,Lincoln,Continental,1984,5J8TB3H37EL673897
125,Hummer,H3,2010,1N6AD0CU0DN849395
126,Ford,F250,2000,1VWAH7A37DC129840
127,Volkswagen,Golf,1987,WBA3D3C57FK236794
128,Chevrolet,Corvette,1969,3C6JD6DT7CG020673
129,Jaguar,S-Type,2007,JM1CR2W31A0110783
130,Saturn,Ion,2006,2G4WC582581192323
131,Saab,9-7X,2008,JHMZF1C60FS803074
132,Maserati,Karif,1989,TRUUT28N411541123
133,Toyota,Paseo,1993,1N6AA0EC1DN505118
134,Mercedes-Benz,CL-Class,2010,1FTNX2A51AE095841
135,Lexus,ES,2002,5J6TF1H34DL482504
136,Toyota,T100 Xtra,1996,JN1CV6FE4CM889471
137,GMC,Savana Cargo Van,2006,2LMHJ5AT7EB120115
138,Alfa Romeo,164,1992,SCBLC47J89C511870
139,Pontiac,Grand Prix,1965,WAUFGAFB5AN864869
140,Lincoln,Continental Mark VII,1986,KMHTC6AD5EU342841
141,Mercedes-Benz,E-Class,2009,3VW1K7AJ7DM488829
142,Mazda,Millenia,2002,3C3CFFDR4ET523253
143,Cadillac,Fleetwood,1994,1G4HR54K414231054
144,Dodge,Stratus,2004,WAUJC58E93A668643
145,Toyota,Camry,1995,1YVHZ8BH3D5810879
146,Toyota,T100,1995,WBAKN9C56FD173123
147,GMC,Yukon XL 2500,2005,WAUAH74F66N746692
148,Dodge,Avenger,1998,JTHFF2C28F2255914
149,Mitsubishi,Outlander,2007,2B3CK9CV5AH044674
150,Chrysler,Crossfire,2005,JTJHY7AX2B4005676
151,Nissan,Armada,2011,3VW217AU5FM691660
152,Mercedes-Benz,E-Class,2001,WA1LMAFEXDD391757
153,Maserati,Quattroporte,2011,5GAKVBED2BJ779160
154,GMC,Acadia,2010,2FMGK5BC0CB216780
155,Mitsubishi,Tredia,1984,1N6AD0CU1BC965410
156,Infiniti,G,2002,WAUUFAFH4AN411017
157,Mazda,RX-8,2005,YV426MDA5F2634514
158,Pontiac,Grand Am,2004,1GYS3EEJ3BR958668
159,Dodge,Dakota,2005,4A31K3DTXBE649439
160,Hyundai,Tucson,2009,SCFEBBBK1BG642152
161,Volkswagen,Eurovan,2001,19XFB4F36EE651340
162,Chevrolet,Astro,1995,4JGBB9FB2BA655690
163,Buick,Rainier,2006,3VWKX7AJXCM642308
164,Volkswagen,Phaeton,2004,WAUVF98K49A791491
165,Toyota,Tacoma Xtra,2003,WAUDG74F79N042182
166,Mazda,CX-9,2007,WAUCFAFR6CA125247
167,Acura,TL,2000,1FTNF2B50AE113182
168,BMW,M6,2009,3N1CN7AP0FL409181
169,Ford,Bronco,1991,WAUMGAFL8AA018484
170,Lexus,LS,2010,JTDBT4K37B4179230
171,BMW,M5,2007,JH4DC54892C358235
172,Honda,Pilot,2002,WBA3D5C5XFK136216
173,Audi,riolet,1995,2G4WC582461130165
174,GMC,Vandura G3500,1995,SAJWA4EC1FM149859
175,Toyota,T100,1993,3VW4A7AT0DM238382
176,Kia,Optima,2012,WBAYA8C56DC214322
177,Dodge,Ram 2500,1999,1FAHP3E22CL273508
178,Ford,Ranger,2007,WAU3FAFR5DA584688
179,Ford,F350,1999,WAULV94E39N292216
180,Toyota,RAV4,2010,SCBLC31E42C583290
181,Lotus,Esprit,1995,1FTEX1CM5CF260446
182,Mitsubishi,Lancer,2005,1FAHP2DW5CG750410
183,Toyota,RAV4,1997,4USBT53423L447891
184,Pontiac,GTO,2005,WBALM7C57EE357328
185,Chevrolet,Express 3500,2012,SALGR2WFXEA037241
186,Mercury,Villager,1995,SCBFC7ZA2EC936300
187,Kia,Sorento,2011,1G4HE57Y86U057640
188,Volvo,S80,2001,1D4RD2GG5BC675860
189,Nissan,Titan,2010,SCBCR73W97C708447
190,Chrysler,PT Cruiser,2002,1GD02ZCG2CF587726
191,Toyota,Tacoma,2010,WP1AA2A23EL955647
192,Mitsubishi,Galant,1985,WAUKFBFL8DA790407
193,Mazda,RX-8,2004,JN1CV6EK9CM538949
194,Suzuki,Vitara,2002,1FTMF1EW8AK794574
195,Acura,ZDX,2010,JTHKD5BH7B2108103
196,Mitsubishi,Mighty Max,1994,5FRYD3H41GB064056
197,Ford,Crown Victoria,1993,1FTEX1CM9BF551725
198,Mercedes-Benz,CL-Class,1998,WAUHE78P08A860398
199,Ferrari,612 Scaglietti,2009,1G4HP52K234000049
200,Porsche,968,1995,1HGCR6F55FA763323
201,Cadillac,SRX,2008,19VDE3F72EE193705
202,Infiniti,M,2006,KMHHT6KD2BU670377
203,Bentley,Arnage,2008,WBANA535X5C666812
204,Ford,Excursion,2005,WA1EV74L97D552324
205,GMC,3500,1995,5TFCY5F11CX955601
206,Jeep,Cherokee,2000,5N1CR2MNXEC920661
207,Toyota,Celica,1997,2T2BC1BA2FC884187
208,GMC,Sierra,2008,2C3CDYAG5EH780709
209,Volkswagen,Beetle,1965,KNDJN2A22F7174363
210,Chevrolet,Beretta,1994,WBALW7C56CC225731
211,GMC,3500,1994,2G4GX5GV6B9693380
212,Dodge,Dakota,1998,2G61W5S82E9864776
213,Geo,Storm,1993,WBAUN7C50BV956925
214,GMC,1500 Club Coupe,1999,WDDNG7BB3AA189205
215,Mercury,Grand Marquis,1988,1G6DW677X70773478
216,Ford,Aerostar,1986,4T1BK3DB2AU434555
217,Mitsubishi,Montero Sport,1999,5N1AA0NC7FN016997
218,Chevrolet,Aveo,2006,3C6JD6EP5CG993889
219,Toyota,Land Cruiser,2005,JH4KC1F37EC984839
220,Buick,Regal,1992,JN8AF5MV5FT613670
221,Mazda,MX-6,1992,JN8AZ2KR9ET043991
222,Buick,Rendezvous,2004,2G4GU5GX2E9553096
223,Acura,TL,2006,1GD11XEG5FF935533
224,Nissan,Titan,2008,WBAKB0C56BC486127
225,Suzuki,Aerio,2004,KNAFX5A82F5441368
226,Mitsubishi,Chariot,1985,WBAVB135X6K254645
227,Maserati,Spyder,2004,JM1DE1KY6C0612672
228,Chevrolet,Express 2500,2003,3D7TT2CT8BG330348
229,Honda,Prelude,1985,19UUA8F21AA621797
230,Mazda,B-Series,1986,5FRYD3H85EB862818
231,GMC,Yukon XL 2500,2006,WBAHN83587D565882
232,Aston Martin,DB9,2009,1FMJU1K52AE173023
233,Honda,Prelude,1996,1FTEW1CW6AF182888
234,Infiniti,G35,2007,2HNYD28698H024259
235,GMC,Terrain,2012,1G6AH5SX2D0424082
236,Mercedes-Benz,CL-Class,2010,KNDJT2A19A7291766
237,Acura,Legend,1992,1FTEW1CM6EK572577
238,Audi,TT,2006,5TDBM5G11BS548601
239,Chevrolet,Express 2500,2001,JH4CL959X8C138492
240,Pontiac,Gemini,1987,1FMEU3BEXAU676723
241,Maserati,Biturbo,1987,WBA3R5C53FK021121
242,Toyota,Prius,2008,1G6AJ5S31D0345438
243,Suzuki,Grand Vitara,2001,TRUB3AFK5D1057136
244,Land Rover,Defender,1995,JTHBW1GG1F2972072
245,Chevrolet,Equinox,2007,WVGEF9BP2DD106169
246,GMC,Yukon XL 1500,2006,WUADUAFG7F7723167
247,Suzuki,Swift,2006,1G6AE5S36F0873967
248,Lotus,Esprit,1996,1G6AM5SX4D0125785
249,Audi,200,1989,1FMCU5K31AK573042
250,Rolls-Royce,Ghost,2011,1FT7W2A6XEE599072
251,Volkswagen,riolet,1993,WAUVFAFHXAN749963
252,Suzuki,SJ,1994,WBA3B5C57DJ560915
253,Ford,F-Series,2010,5XXGM4A77DG034785
254,Mercury,Mariner,2010,JN1AV7AR2FM340105
255,Mercury,Grand Marquis,1994,TRUSC28N131707611
256,Suzuki,Swift,1988,1G6DD67V380562368
257,Ford,LTD Crown Victoria,1988,5UXFE8C51AL636121
258,Daewoo,Nubira,2000,JHMZF1C61ES129841
259,Ford,Ranger,1986,5UXFB33502L397884
260,Nissan,Sentra,2000,WAUWKAFR7AA147151
261,Holden,Monaro,2004,1G6KD57Y39U831331
262,Honda,Odyssey,2009,JN1AZ4EH2FM079529
263,Dodge,Durango,2001,3C6TD4MT1CG224253
264,Morgan,Aero 8,2008,5FNRL5H20FB626868
265,Kia,Sorento,2005,1FTEX1EW0AK920881
266,Aptera,Typ-1,2008,WA1WMAFE6AD136922
267,Mercury,Mountaineer,2008,2C4JDGAG8CR382396
268,Dodge,Stealth,1992,1G4HF5EM3AU053100
269,GMC,Sonoma,1993,3N1CE2CP3FL529685
270,Hyundai,Sonata,1996,1N6AA0CJXDN579963
271,Maserati,GranTurismo,2009,JTHFF2C23E2770866
272,Ford,E-Series,1994,1GYUKFEJ2AR099430
273,Mercedes-Benz,CL-Class,2000,WBAKN9C56FD818269
274,Ford,Mustang,2007,3VWML7AJ8CM931711
275,Ford,Focus,2004,3VWPG3AG9AM559923
276,Volkswagen,Golf,1986,WAUDG58E25A936968
277,GMC,Sierra 1500,2002,SCBLF34F26C032633
278,Lincoln,Mark VII,1984,5N1AA0NC4FN365941
279,Dodge,Grand Caravan,2003,1GYS4EEJ2BR537859
280,GMC,Sierra Hybrid,2006,4T1BD1FK5CU287405
281,GMC,Sierra Hybrid,2006,3C63DRJL7CG725181
282,BMW,745,2004,3VWF17AT0FM963430
283,Plymouth,Breeze,1999,3C4PDDGG9FT268490
284,Buick,Electra,1986,1FADP5AU6DL953222
285,Suzuki,Aerio,2002,WBA3A9G53FN790547
286,Chrysler,Town & Country,2008,KMHHT6KD3CU855538
287,Audi,S8,2002,1G4HJ5EM5AU483967
288,Lexus,GX,2009,WAUUL78E98A424684
289,Hyundai,Genesis,2012,SCBDR33W87C982252
290,Mitsubishi,Tundra,2009,WUARU78E17N950839
291,Mazda,929,1994,WBABN33432J292506
292,Nissan,Maxima,2007,1FTNS1EW4AD736661
293,Mazda,MPV,2005,3D4PG3FG5BT605849
294,Chevrolet,Camaro,2010,5NPEB4AC1CH881671
295,GMC,2500,1997,JTDKDTB30E1380934
296,Toyota,Echo,2000,JN1CV6AP4FM137234
297,Dodge,D250 Club,1992,1G4HP54K92U665865
298,Saturn,L-Series,2001,5UXWY3C54F0159445
299,Cadillac,Seville,1998,WBAVM5C52FV265140
300,Honda,Crosstour,2012,1G6KD57YX7U646805
301,Saturn,Ion,2006,WAUAFAFC6CN770380
302,GMC,Savana 1500,1996,1C4RDHEG1FC553473
303,Mercedes-Benz,E-Class,2003,5J8TB18267A375724
304,Lincoln,LS,2006,KL4CJHSB0EB132298
305,Chevrolet,Suburban 2500,2002,WAUDF78E06A398786
306,Infiniti,G,2003,1D7RW3GK4AS325969
307,BMW,525,2004,3C6TD4DT3CG305545
308,GMC,Yukon XL 1500,2005,3D73Y3HL6BG229387
309,Jeep,Grand Cherokee,1995,1G6DH8EG7A0659955
310,BMW,3 Series,1993,19UUA9F21EA679954
311,GMC,Yukon XL 2500,2004,2T1KU4EE1CC413709
312,Volvo,S60,2009,JTEBU4BF9CK419474
313,Pontiac,Sunbird,1993,WP0CB2A89CS883676
314,BMW,Alpina B7,2008,WA1KK98R59A755124
315,Subaru,Outback,2004,WA1AGBFE3CD615888
316,Suzuki,Verona,2006,1FTSW3B59AE095760
317,Kia,Rio,2010,WBABN33493J310055
318,Volvo,V90,1998,3C6TD5CT9CG158364
319,Maserati,Quattroporte,2009,1C4NJPBA7ED751341
320,Dodge,Ram Wagon B250,1992,1FTNF1E80AK826777
321,Lotus,Exige,2006,2C3CCAKG4DH924340
322,GMC,1500 Club Coupe,1994,WVGAV7AX1FW876894
323,Lotus,Exige,2012,1FTEX1E88AF956960
324,Mitsubishi,Pajero,1999,WBALZ5C54CC685904
325,Saab,9-3,2004,1FTEX1EW8AF927067
326,Mazda,B2500,2001,5TFBW5F18BX680406
327,Mercury,Cougar,1995,KMHCT4AE5EU687087
328,Lamborghini,Diablo,1999,5J8TB1H21AA013565
329,Volvo,V70,2010,WAUFFAFL3CA187990
330,Ford,Th!nk,2001,WA1YL64B05N514721
331,Acura,Vigor,1992,5TDBW5G18ES740824
332,Mazda,Mazda6,2003,JN8AF5MR3CT913786
333,Subaru,Impreza,1993,1G6KY54951U635204
334,Hyundai,Genesis Coupe,2013,JM1DE1HY5B0477822
335,Mercedes-Benz,SLK-Class,2009,WAUSF78E28A633506
336,Chrysler,Cirrus,1997,JH4CL95847C419063
337,Chevrolet,Corvette,2007,1LNHL9DR4AG993191
338,Chevrolet,Lumina,1996,WAUBF78E77A802451
339,BMW,6 Series,2004,1GD02ZCG1BF164697
340,Mazda,Millenia,1996,KNDMG4C78C6976543
341,Buick,Skyhawk,1985,WAUXG94F39N572173
342,Jeep,Wrangler,2003,KNAGN4AD9F5126164
343,Toyota,Camry,2011,WDDGF4HB4DF873933
344,Mitsubishi,Excel,1989,1G6DN57P290118456
345,Mitsubishi,Pajero,1986,1N6AA0ED8FN823913
346,BMW,3 Series,1993,WVGAV3AX7EW242870
347,Mercury,Sable,1991,1HGCP2F35CA720206
348,Dodge,D350 Club,1993,WAUSF98KX9N423151
349,Chevrolet,Silverado 1500,2002,KMHGC4DD1EU542312
350,Ford,Crown Victoria,1999,WBA6B4C56DD008859
351,Mitsubishi,Cordia,1985,WP0CB2A84CS738335
352,Chevrolet,1500,1999,KL4CJBSB7DB140782
353,Chevrolet,Venture,2004,SALVN2BG5FH450940
354,GMC,Yukon XL 2500,2012,WP0CB2A83FS769385
355,Volvo,XC70,2004,1C3BCBEB1DN581074
356,Ford,Probe,1996,2T1BURHE3FC628795
357,Ford,Econoline E150,1997,1C4RDJEG3CC131319
358,Mazda,MPV,1995,1G6AL1R38F0682278
359,Honda,Accord,2006,1GYUKEEJ6AR018505
360,Scion,xB,2004,3D73M3HL1BG869969
361,Buick,Regal,2000,5N1AZ2MG1FN594067
362,Hyundai,Genesis,2009,2G4GL5EX9E9564635
363,Pontiac,Firebird,2001,WBANV13508C734441
364,Ford,Crown Victoria,2000,1HGCP2E49AA499099
365,Mitsubishi,Eclipse,2009,WAUDFAFC6FN048912
366,Acura,TL,2000,WAURD68D62A065659
367,Volvo,XC90,2006,1FM5K7B86DG643759
368,GMC,1500,1995,3GYFNBEY6AS035278
369,GMC,Sierra 1500,1999,WAUSH98E06A575138
370,Chevrolet,Uplander,2007,WAURV78T39A308204
371,Audi,A4,1996,WAUBH74F86N455843
372,Jaguar,XJ Series,2001,1FMEU2DE5AU568288
373,Lotus,Esprit,2002,WAUCFAFR1BA987399
374,Toyota,Venza,2011,1VWAH7A33EC818310
375,Chevrolet,Sportvan G30,1995,5N1AN0NW5EN685329
376,Chrysler,300,2008,JTDKDTB36C1092025
377,Chevrolet,Blazer,2004,2G4WS52J141451287
378,Honda,Civic,1989,19XFB2E57EE749283
379,Chevrolet,Camaro,1980,WAUFGAFB3BN454251
380,Pontiac,Firebird,1988,WAUAF48H68K044926
381,Spyker,C8 Laviolette,2004,1G6DS1E34C0311314
382,Kia,Amanti,2005,WBABD53414P969406
383,Mercedes-Benz,S-Class,2006,1J4PN2GK1AW859626
384,Audi,riolet,1997,WVGAV7AX5BW732940
385,Mitsubishi,Chariot,1991,SALME1D40AA275992
386,Volkswagen,Eos,2010,JM3KE2BE9F0915606
387,Mercedes-Benz,S-Class,1995,5J6TF2H58DL879219
388,Hyundai,Santa Fe,2011,2G4WE587671383656
389,Mazda,Mazda5,2008,1G6AJ5S38F0957526
390,Acura,NSX,2000,JM3TB2CA9F0361721
391,Audi,Allroad,2003,19UUA65506A473892
392,Chrysler,300,1999,JN1CV6FE0DM623012
393,Mercedes-Benz,300SD,1992,3C4PDDDG4ET314732
394,Saab,9000,1993,ZFBCFACH7FZ428125
395,Mercedes-Benz,300TE,1992,KNADH5A30A6228561
396,Dodge,Ram 1500,2008,JN1CV6FE3DM976716
397,Chevrolet,Express 1500,1998,1G6DJ577690283390
398,Dodge,Grand Caravan,2004,2T1KU4EE8BC186291
399,Acura,CL,2003,WBAAV33411E498149
400,Dodge,Ram 1500,1994,5GNRNHEE5A8772265
401,Acura,Integra,1997,WBANN73556B751774
402,Saturn,Ion,2006,3D4PG1FG1BT891042
403,GMC,Savana 2500,2008,JN1BJ0HP6FM106478
404,Buick,Century,1999,YV4902DZ6B2529145
405,Kia,Sorento,2013,KMHHT6KDXCU954633
406,Volkswagen,Type 2,1986,5FNYF3H45EB535165
407,Mazda,CX-7,2008,1N6AA0EC2DN678551
408,Dodge,Ram 1500 Club,1996,WA1KK78R49A281221
409,Audi,RS 6,2003,5GAKVDED5CJ077864
410,Chevrolet,Blazer,2003,WDDPK5HA7FF859858
411,Buick,Roadmaster,1992,19UUA56912A340063
412,Buick,Regal,1992,2LMHJ5AR5AB771449
413,BMW,M3,1999,WAUHGAFC2FN510834
414,Chevrolet,Uplander,2005,5TDDK3DC2FS751673
415,Volvo,XC70,2007,JH4CU2F40DC044896
416,Suzuki,X-90,1998,1G6KD57YX3U669589
417,Subaru,SVX,1993,1G6AE5S32D0970807
418,Mitsubishi,GTO,1997,3GYEK62NX6G523696
419,Audi,A8,2001,KNDMG4C35A6563845
420,Lincoln,Navigator,2011,5J8TB3H57EL168136
421,Suzuki,Esteem,2000,5FPYK1F58EB574089
422,Chevrolet,Traverse,2011,WAUBF48H47K081363
423,GMC,Safari,1996,3C6LD4AT7CG094791
424,Dodge,Ram Wagon B150,1993,WBASN2C5XCC517058
425,Toyota,4Runner,1994,WUARL48H34K408957
426,Lincoln,Mark VII,1992,1C3BCBFG6DN794418
427,Audi,A8,1997,3N1AB6AP2AL683534
428,Honda,Accord,2003,JN1CV6FE9FM080696
429,Saab,9000,1995,1N6AD0CU9FN452271
430,Toyota,Tacoma,2006,WDBWK5EA2AF232518
431,Chrysler,Fifth Ave,1992,JH4CL95815C376671
432,Acura,TL,2003,WAUDG68E15A509643
433,Volkswagen,Tiguan,2011,5YMGZ0C58DL126467
434,Chevrolet,Impala,2009,4T1BF1FK4EU250293
435,Chevrolet,Astro,2001,2C3CDXGJ4CH254713
436,Mercury,Villager,1995,WBAUC9C57BV057285
437,Chevrolet,Corvette,1986,WBA4A7C52FG652436
438,Mazda,MX-5,2001,JHMZF1C60CS371842
439,Dodge,Ram Van 1500,2001,JTJBC1BAXD2616243
440,Nissan,Pathfinder,2010,JTHBE1BL3D5428014
441,Mercury,Grand Marquis,1997,1FTEX1C87AK595828
442,Buick,Electra,1986,WBADS434X2G973668
443,Mitsubishi,Space,1984,WAUHGAFC7FN758481
444,BMW,525,2006,WAUHGBFC6DN871518
445,Chevrolet,Camaro,1967,5GAER23D79J829372
446,Mitsubishi,Precis,1986,3N1CN7AP3EL210768
447,Mercury,Cougar,1969,5GAKRBKD0EJ575504
448,Ford,Explorer,2011,1N6AA0ED6FN569876
449,Buick,Lucerne,2009,KMHHT6KJ7FU875026
450,Chevrolet,Colorado,2004,WAUGN94F77N351291
451,Dodge,Ram Van 2500,1997,JTHBL5EF2E5586400
452,Ford,Flex,2013,1N4AB7AP3DN575100
453,Infiniti,IPL G,2012,WP1AB2A26FL636192
454,Honda,Element,2008,3MZBM1U73EM413509
455,Hyundai,Scoupe,1993,5BZBF0AA5EN720113
456,Mercedes-Benz,S-Class,1997,2LMHJ5AT4EB111355
457,Volkswagen,GTI,1987,1FMEU5DE7AU221255
458,Pontiac,Grand Prix,1972,WBAKF5C59BE289636
459,Lincoln,Navigator,2009,1FMJK1K59AE785922
460,Pontiac,Grand Prix,1998,WAUSF78K19N653715
461,Pontiac,Grand Prix,1965,5UXWX7C50DL240092
462,Audi,S8,2009,2T1BPRHE5FC368228
463,Subaru,XT,1989,19XFB2F59DE880986
464,Kia,Rio,2003,KM8JT3AB8BU900066
465,Chevrolet,3500,1997,5J6TF1H37AL425483
466,Chevrolet,Impala,2007,5UXZW0C55CL535971
467,Acura,MDX,2012,3TMJU4GNXEM845475
468,Audi,A8,2004,SCFFDABEXCG252493
469,Plymouth,Grand Voyager,1999,WAUMK98K79N441983
470,Hyundai,Tucson,2011,JM1CR2W34A0811978
471,Mazda,Miata MX-5,2000,WUADUAFG1BN381950
472,GMC,EV1,1999,WVGEP9BP7FD492247
473,Honda,Ridgeline,2007,2C3CDYAG3EH352542
474,Dodge,Dakota Club,1999,WAUHGBFC8EN894929
475,Hyundai,Elantra,2000,WA1EY94L89D555012
476,Acura,NSX,2001,WAUKGBFB1AN596567
477,Rolls-Royce,Phantom,2013,1C4AJWAG6FL299937
478,BMW,530,2002,JN1CV6AP3AM877446
479,Dodge,Caravan,1995,55SWF4JB3FU459032
480,Mercury,Milan,2010,5TFBW5F18CX789451
481,Mitsubishi,Tredia,1986,1G6KE54Y03U083226
482,GMC,Savana,2009,5XYZG3ABXBG436825
483,Honda,CR-Z,2012,4T1BF1FK3FU680088
484,Lotus,Elise,2011,WAUKF98E78A522056
485,Honda,CR-X,1984,JA4AS3AW2DU146962
486,Mitsubishi,GTO,1990,1G6AY5SX4F0689573
487,Chrysler,300M,2001,WAULT68E45A356053
488,Oldsmobile,Cutlass,1999,2HNYD18273H728668
489,Jeep,Grand Cherokee,1996,1FTWX3D50AE175556
490,Ford,E-Series,1989,5UXFA93505L895657
491,Mercedes-Benz,S-Class,2000,SCBDC3ZA1DC549672
492,Mitsubishi,RVR,1995,1ZVBP8AN8A5809793
493,Ram,2500,2012,5UXKR0C57E0182758
494,Volkswagen,GTI,1988,WBA3A9G5XFN042376
495,Mazda,MPV,1995,2G4WE537951214252
496,Chevrolet,Tahoe,1995,WAUAF68E95A617160
497,Volkswagen,rio,2000,WBA5B3C53FD555497
498,Chevrolet,Silverado 3500,2009,1G6DS5ED9B0071319
499,Maserati,Quattroporte,1985,WBAFR7C54BC653400
500,Infiniti,G35,2007,3C4PDCEG5CT808149
